"","GUAT","MEX","COL","HAW","AUS","AFRI","MED","SAME","CAME"
"Mean richness",1.76668511253512,2.12293546063648,1.33013176857696,2.13711629821522,2.14382981184652,3.44216811803311,2.72220366008837,3.16316162486922,2.67950944373351
"Total richness",5.30005533760535,6.36880638190943,3.99039530573089,6.41134889464567,6.43148943553957,10.3265043540993,8.16661098026511,9.48948487460767,8.03852833120052
