"","Hs","Ht","Gst","Gprime_st","D"
"CCMIC6",0.278327994965513,0.672520757090351,0.586142149471053,0.851348802030858,0.614499182865283
"CCMIC14",0.3193356892829,0.520310798969208,0.386259731845776,0.6090047155425,0.332171078808137
"CCMIC15",0.392716589001309,0.613974512587869,0.360369883521662,0.638813505069095,0.409883029120676
