"","Hs","Ht","Gst_est","Gprime_st","D_het","D_mean"
"1",0.330126757749907,0.602268689549142,0.451861331199137,0.718294751982707,0.457041204162379,0.423874967505428
