"","CCMIC6","CCMIC14","CCMIC15"
"Observed frequency",0.289463465061222,0.152917347442247,0.130649136669934
"Median frequency",0.289641118125529,0.152397441213846,0.130850855279153
"2.5th percentile",0.263843924945972,0.129829769491728,0.10772878417581
"97.5th percentile",0.31541403009336,0.178917652749669,0.152812773437431
