"","Locus","Expected","Observed","% difference"
"1","CCMIC14",0.462567701979716,0.268579838116262,41.9371830400646
"2","CCMIC15",0.531619796985461,0.354637568199532,33.291128319431
"3","CCMIC6",0.589828100097738,0.232937685459941,60.5075300038534
