"","Fit","Fst","Fis"
"CCMIC14",0.435748972058966,0.186702780829979,0.306217930368853
"CCMIC15",0.356809479211902,0.242417116584533,0.150996498378692
"CCMIC6",0.629736146324547,0.430020720383225,0.350390677491996
